<?xml version="1.0" encoding="UTF-8"?>
<con:soapui-project id="829f0df0-d48c-43b4-8311-6d5db01b9643" activeEnvironment="Default" name="REST Project 1" resourceRoot="${projectDir}" soapui-version="5.4.0" abortOnError="false" runType="SEQUENTIAL" xmlns:con="http://eviware.com/soapui/config"><con:settings/><con:interface xsi:type="con:RestService" id="335ea0b3-1207-46d0-9253-66df3744e978" wadlVersion="http://wadl.dev.java.net/2009/02" name="https://www.adidas.com.au" type="rest" xmlns:xsi="http://www.w3.org/2001/XMLSchema-instance"><con:settings/><con:definitionCache type="TEXT" rootPart=""/><con:endpoints><con:endpoint>https://www.adidas.com.au</con:endpoint></con:endpoints><con:resource name="Login" path="/api/account/login" id="1cd01162-20c5-4d5e-9f0d-d042b23c1a0d"><con:settings/><con:parameters/><con:method name="Login 1" id="7ae20a8e-8b69-4bad-9327-b5350249ce3d" method="POST"><con:settings/><con:parameters/><con:representation type="RESPONSE"><con:mediaType>application/json; charset=utf-8</con:mediaType><con:status>200</con:status><con:params/><con:element xmlns:log="https://www.adidas.com.au/api/account/login">log:Response</con:element></con:representation><con:representation type="REQUEST"><con:mediaType>application/json</con:mediaType><con:params/></con:representation><con:representation type="FAULT"><con:mediaType>application/json; charset=utf-8</con:mediaType><con:status>400</con:status><con:params/><con:element xmlns:log="https://www.adidas.com.au/api/account/login">log:Fault</con:element></con:representation><con:request name="Request 1" id="66169b7d-bb5b-439d-a7d4-430ddd8d2259" mediaType="application/json" postQueryString="false"><con:settings><con:setting id="com.eviware.soapui.impl.wsdl.WsdlRequest@request-headers">&lt;xml-fragment/></con:setting></con:settings><con:endpoint>https://www.adidas.com.au</con:endpoint><con:request>{"user":"geetikamadaan09@gmail.com","password":"Adidas123","isMobile":false}</con:request><con:originalUri>https://www.adidas.com.au/api/account/login</con:originalUri><con:credentials><con:authType>No Authorization</con:authType></con:credentials><con:jmsConfig JMSDeliveryMode="PERSISTENT"/><con:jmsPropertyConfig/><con:parameters/><con:parameterOrder/></con:request></con:method></con:resource><con:resource name="Search" path="/api/search/tf/suggestions/socks" id="252741ea-cfef-4035-aad8-dee7827e9a39"><con:settings/><con:parameters/><con:method name="Search Socks" id="377a9edb-f706-4d63-ac96-f90018e58615" method="GET"><con:settings/><con:parameters/><con:representation type="RESPONSE"><con:mediaType>application/json; charset=utf-8</con:mediaType><con:status>200</con:status><con:params/><con:element xmlns:soc="https://www.adidas.com.au/api/search/tf/suggestions/socks">soc:Response</con:element></con:representation><con:request name="Request 1" id="6726eea0-7418-43ae-bb78-c0c9ad45fbb6" mediaType="application/json"><con:settings><con:setting id="com.eviware.soapui.impl.wsdl.WsdlRequest@request-headers">&lt;xml-fragment/></con:setting></con:settings><con:endpoint>https://www.adidas.com.au</con:endpoint><con:request/><con:originalUri>https://www.adidas.com.au/api/search/tf/suggestions/socks</con:originalUri><con:credentials><con:authType>No Authorization</con:authType></con:credentials><con:jmsConfig JMSDeliveryMode="PERSISTENT"/><con:jmsPropertyConfig/><con:parameters/></con:request></con:method></con:resource></con:interface><con:testSuite id="1a2c8168-a769-4af5-831a-3bab09ccce91" name="TestSuite 1"><con:settings/><con:runType>SEQUENTIAL</con:runType><con:testCase id="df603c7a-372b-4f6c-acdb-8933348811be" failOnError="true" failTestCaseOnErrors="true" keepSession="false" maxResults="0" name="Login to Adidas" searchProperties="true"><con:settings/><con:testStep type="restrequest" name="Login 1 - Request 1" id="ca26a96b-99b6-48a4-8a4c-3276230ecd7f"><con:settings/><con:config service="https://www.adidas.com.au" resourcePath="/api/account/login" methodName="Login 1" xsi:type="con:RestRequestStep" xmlns:xsi="http://www.w3.org/2001/XMLSchema-instance"><con:restRequest name="Login 1 - Request 1" id="66169b7d-bb5b-439d-a7d4-430ddd8d2259" mediaType="application/json" postQueryString="false"><con:settings><con:setting id="com.eviware.soapui.impl.wsdl.WsdlRequest@request-headers">&lt;xml-fragment/></con:setting></con:settings><con:endpoint>https://www.adidas.com.au</con:endpoint><con:request>{"user":"geetikamadaan09@gmail.com","password":"Adidas123","isMobile":false}</con:request><con:originalUri>https://www.adidas.com.au/api/account/login</con:originalUri><con:assertion type="Simple Contains" id="dc392b4b-9a85-491a-871c-c59560a68c48" name="Contains"><con:configuration><token>geetikamadaan09@gmail.com</token><ignoreCase>true</ignoreCase><useRegEx>false</useRegEx></con:configuration></con:assertion><con:assertion type="Valid HTTP Status Codes" id="bf183e5d-bdee-422f-96c9-f6a502cc85b2" name="Valid HTTP Status Codes"><con:configuration><codes>200</codes></con:configuration></con:assertion><con:credentials><con:authType>No Authorization</con:authType></con:credentials><con:jmsConfig JMSDeliveryMode="PERSISTENT"/><con:jmsPropertyConfig/><con:parameters/><con:parameterOrder/></con:restRequest></con:config></con:testStep><con:properties/></con:testCase><con:testCase id="3783cabe-2253-4403-b0f4-e020fb5a5096" failOnError="true" failTestCaseOnErrors="true" keepSession="false" maxResults="0" name="Search Socks" searchProperties="true"><con:settings/><con:testStep type="restrequest" name="Method 1 - Request 1" id="0f712827-a3db-41fc-a86d-3256eb8374ce"><con:settings/><con:config service="https://www.adidas.com.au" resourcePath="/api/search/tf/suggestions/socks" methodName="Search Socks" xsi:type="con:RestRequestStep" xmlns:xsi="http://www.w3.org/2001/XMLSchema-instance"><con:restRequest name="Method 1 - Request 1" id="6726eea0-7418-43ae-bb78-c0c9ad45fbb6" mediaType="application/json"><con:settings><con:setting id="com.eviware.soapui.impl.wsdl.WsdlRequest@request-headers">&lt;xml-fragment/></con:setting></con:settings><con:endpoint>https://www.adidas.com.au</con:endpoint><con:request/><con:originalUri>https://www.adidas.com.au/api/search/tf/suggestions/socks</con:originalUri><con:assertion type="Simple Contains" id="48b920de-730e-457f-afef-c28d0588226e" name="Contains"><con:configuration><token>socks</token><ignoreCase>false</ignoreCase><useRegEx>false</useRegEx></con:configuration></con:assertion><con:assertion type="Valid HTTP Status Codes" id="8a5a4ac6-93be-4cf6-9c21-c2b905137587" name="Valid HTTP Status Codes"><con:configuration><codes>200</codes></con:configuration></con:assertion><con:assertion type="Simple Contains" id="a518e123-ef6a-45ef-965b-d2826d9ff4a8" name="Contains 1"><con:configuration><token>GU2569</token><ignoreCase>false</ignoreCase><useRegEx>false</useRegEx></con:configuration></con:assertion><con:credentials><con:authType>No Authorization</con:authType></con:credentials><con:jmsConfig JMSDeliveryMode="PERSISTENT"/><con:jmsPropertyConfig/><con:parameters/></con:restRequest></con:config></con:testStep><con:properties/></con:testCase><con:properties/></con:testSuite><con:properties/><con:wssContainer/><con:oAuth2ProfileContainer/><con:oAuth1ProfileContainer/></con:soapui-project>